timestamp,open,high,low,close,volume,close_time,quote_asset_volume,number_of_trades,taker_buy_base_asset_volume,taker_buy_quote_asset_volume,ignore
2019-07-27,1.07390000,1.08510000,0.93890000,0.97600000,30366.48000000,1564271999999,30925.79890300,361,14258.89000000,14643.46178200,0
2019-07-28,0.97350000,0.98790000,0.92420000,0.97390000,21052.42000000,1564358399999,20277.66241700,197,12723.56000000,12258.42420400,0
2019-07-29,0.97610000,1.02900000,0.96200000,0.97330000,24866.79000000,1564444799999,24723.03333400,269,8752.52000000,8713.26015300,0
2019-07-30,0.97330000,0.98740000,0.94980000,0.96590000,6984.90000000,1564531199999,6739.76454300,119,2329.20000000,2253.61114100,0
2019-07-31,0.96590000,1.01930000,0.96210000,1.00360000,8089.50000000,1564617599999,8029.31874600,133,2283.53000000,2272.07845300,0
2019-08-01,1.00700000,1.00700000,0.96040000,0.98400000,7735.11000000,1564703999999,7571.42622000,99,4179.79000000,4086.99313400,0
2019-08-02,0.98760000,0.99950000,0.96000000,0.97370000,5973.28000000,1564790399999,5840.26930100,121,2514.81000000,2465.81511600,0
2019-08-03,0.96970000,0.99890000,0.96560000,0.98080000,4674.85000000,1564876799999,4600.56241300,86,1959.96000000,1929.71909700,0
2019-08-04,0.98310000,0.98760000,0.95740000,0.96030000,7159.11000000,1564963199999,6904.54144200,83,2575.20000000,2489.05325500,0
2019-08-05,0.96380000,1.01900000,0.96380000,1.00300000,15255.83000000,1565049599999,15138.80868200,197,6902.05000000,6906.74719500,0
2019-08-06,1.00300000,1.00350000,0.95060000,0.95990000,13991.12000000,1565135999999,13790.91211200,188,3694.50000000,3623.05109500,0
2019-08-07,0.95750000,0.96430000,0.92730000,0.92980000,7057.65000000,1565222399999,6680.74710800,142,2684.20000000,2543.46521100,0
2019-08-08,0.92750000,0.94480000,0.89830000,0.90880000,9624.65000000,1565308799999,8809.98231400,192,4046.97000000,3712.68182500,0
2019-08-09,0.91050000,0.91900000,0.84620000,0.86710000,11051.70000000,1565395199999,9596.85068100,165,3618.78000000,3147.89326200,0
2019-08-10,0.87250000,0.89380000,0.84260000,0.89380000,9984.60000000,1565481599999,8650.40825100,181,5745.85000000,4996.61809700,0
2019-08-11,0.88800000,0.91500000,0.87700000,0.89970000,12663.78000000,1565567999999,11340.51103300,170,6951.28000000,6221.60181200,0
2019-08-12,0.89850000,0.90060000,0.87510000,0.87510000,6923.08000000,1565654399999,6143.85063500,105,2162.96000000,1924.63149800,0
2019-08-13,0.87370000,0.87370000,0.84270000,0.85500000,10979.08000000,1565740799999,9361.22085800,145,2642.35000000,2261.82894800,0
2019-08-14,0.85360000,0.86190000,0.77150000,0.78270000,16990.12000000,1565827199999,13661.88749800,241,10174.58000000,8145.00525700,0
2019-08-15,0.78660000,0.80190000,0.74420000,0.77450000,13118.17000000,1565913599999,10058.35103500,210,5046.03000000,3885.47959900,0
2019-08-16,0.77450000,0.78630000,0.73540000,0.74980000,11809.22000000,1565999999999,8933.88637300,216,4689.76000000,3555.21357100,0
2019-08-17,0.74710000,0.76450000,0.74660000,0.75820000,5215.54000000,1566086399999,3944.00353100,92,2977.40000000,2254.80068500,0
2019-08-18,0.76140000,0.80230000,0.75940000,0.78040000,16282.85000000,1566172799999,12821.35202700,155,11559.53000000,9110.51962900,0
2019-08-19,0.77730000,0.82510000,0.77480000,0.81290000,9404.76000000,1566259199999,7554.20815200,146,6191.51000000,4967.31124500,0
2019-08-20,0.80990000,0.80990000,0.77470000,0.78080000,4736.20000000,1566345599999,3731.91255900,85,2177.09000000,1715.42278200,0
2019-08-21,0.78340000,0.78340000,0.70880000,0.74130000,11007.49000000,1566431999999,8121.88822300,215,4824.37000000,3554.40789900,0
2019-08-22,0.74280000,0.77010000,0.71220000,0.75850000,15260.68000000,1566518399999,11463.00333800,233,5346.78000000,3987.75013100,0
2019-08-23,0.75630000,0.76940000,0.74070000,0.76320000,10766.97000000,1566604799999,8167.22683400,161,4963.14000000,3769.02393200,0
2019-08-24,0.76700000,0.92020000,0.76700000,0.82990000,45281.53000000,1566691199999,36548.40787700,523,19402.85000000,15718.49806800,0
2019-08-25,0.83300000,0.94800000,0.78000000,0.80400000,67855.49000000,1566777599999,57117.33960300,605,46348.47000000,39198.47404900,0
2019-08-26,0.80270000,0.83320000,0.79020000,0.79780000,8621.52000000,1566863999999,6978.98000600,165,3832.60000000,3110.54355000,0
2019-08-27,0.79660000,0.79660000,0.76230000,0.78080000,7359.72000000,1566950399999,5723.51825700,135,3327.68000000,2585.51151400,0
2019-08-28,0.77710000,0.79100000,0.69000000,0.72910000,19950.97000000,1567036799999,15030.29882800,343,8430.49000000,6381.70351400,0
2019-08-29,0.72580000,0.72580000,0.69150000,0.71490000,26130.69000000,1567123199999,18503.89081100,258,9162.70000000,6488.36681800,0
2019-08-30,0.71920000,0.73080000,0.70060000,0.72330000,6459.14000000,1567209599999,4643.29799600,114,3453.36000000,2484.48351100,0
2019-08-31,0.72020000,0.73390000,0.69800000,0.71130000,5474.05000000,1567295999999,3907.52763400,102,2455.21000000,1753.56688500,0
2019-09-01,0.71130000,0.71960000,0.68760000,0.71360000,5108.28000000,1567382399999,3584.33021200,73,1917.20000000,1355.12437300,0
2019-09-02,0.71220000,0.74300000,0.70070000,0.73450000,11394.25000000,1567468799999,8196.47247000,114,6216.75000000,4498.45110700,0
2019-09-03,0.73710000,0.74290000,0.71450000,0.71450000,20282.52000000,1567555199999,14735.28648800,173,9945.35000000,7216.47730100,0
2019-09-04,0.71440000,0.72520000,0.70460000,0.70760000,3652.13000000,1567641599999,2623.43686200,78,1569.13000000,1129.19332000,0
2019-09-05,0.70610000,0.72240000,0.69710000,0.71060000,11799.33000000,1567727999999,8321.49519800,124,7370.92000000,5206.26119100,0
2019-09-06,0.71060000,0.72780000,0.67770000,0.69100000,6624.05000000,1567814399999,4660.14086000,118,2807.71000000,1979.50556500,0
2019-09-07,0.68950000,0.72220000,0.68680000,0.71460000,5425.81000000,1567900799999,3845.61687900,81,2296.39000000,1626.05585400,0
2019-09-08,0.71220000,0.76980000,0.70930000,0.75770000,19410.66000000,1567987199999,14451.61974700,238,9760.24000000,7271.84700400,0
2019-09-09,0.76030000,0.78530000,0.73160000,0.76510000,21723.81000000,1568073599999,16420.26453900,257,7409.10000000,5623.44809300,0
2019-09-10,0.76640000,0.81040000,0.75360000,0.76220000,20047.36000000,1568159999999,15572.00470800,216,7392.28000000,5756.27086200,0
2019-09-11,0.75890000,0.76730000,0.72080000,0.73250000,30769.37000000,1568246399999,22773.42382800,183,16812.15000000,12452.92012000,0
2019-09-12,0.73420000,0.74030000,0.70040000,0.73400000,10827.53000000,1568332799999,7801.09833400,160,4965.92000000,3580.67232100,0
2019-09-13,0.73230000,0.76360000,0.73230000,0.75020000,10765.12000000,1568419199999,8074.16654400,161,6640.72000000,4978.92272200,0
2019-09-14,0.74750000,0.76720000,0.73260000,0.75810000,4122.66000000,1568505599999,3089.69583400,71,2126.96000000,1592.44516200,0
2019-09-15,0.76050000,0.76720000,0.74740000,0.75600000,1890635.59000000,1568591999999,1439535.95600800,585,1874724.36000000,1427431.53301500,0
2019-09-16,0.76000000,0.78220000,0.75000000,0.76370000,3258722.56000000,1568678399999,2530878.03797000,795,3253580.25000000,2526943.00316600,0
2019-09-17,0.76720000,0.82020000,0.75880000,0.79000000,4760812.96000000,1568764799999,3864292.28457100,2345,4751655.68000000,3856930.72523000,0
2019-09-18,0.79090000,0.86020000,0.79090000,0.82270000,28752.02000000,1568851199999,23746.19541300,358,14270.56000000,11766.49152300,0
2019-09-19,0.81950000,0.84420000,0.76860000,0.81760000,23232.13000000,1568937599999,18546.66142000,365,12091.36000000,9634.54734800,0
2019-09-20,0.81570000,0.83330000,0.79950000,0.83270000,8635.96000000,1569023999999,7030.73969800,152,4129.16000000,3367.54800000,0
2019-09-21,0.83360000,0.84350000,0.80310000,0.80660000,12424.94000000,1569110399999,10204.51175500,211,6783.37000000,5575.04829700,0
2019-09-22,0.80310000,0.80320000,0.76260000,0.79450000,9330.20000000,1569196799999,7310.31380100,166,4655.75000000,3651.83041200,0
2019-09-23,0.79840000,0.80130000,0.73250000,0.74150000,22167.84000000,1569283199999,16896.04559800,301,9498.82000000,7250.95149800,0
2019-09-24,0.73850000,0.75160000,0.56360000,0.60960000,65854.15000000,1569369599999,42572.83318000,896,26433.16000000,17000.17156100,0
2019-09-25,0.61360000,0.65370000,0.57760000,0.61850000,36218.27000000,1569455999999,22008.46339800,599,16263.73000000,9904.66659200,0
2019-09-26,0.61590000,0.62020000,0.54800000,0.58540000,25629.74000000,1569542399999,15040.49349200,446,11990.35000000,7028.75917500,0
2019-09-27,0.58700000,0.60320000,0.56390000,0.59740000,12883.09000000,1569628799999,7476.73395700,233,6556.75000000,3813.10160500,0
2019-09-28,0.59740000,0.60860000,0.58470000,0.60330000,14115.78000000,1569715199999,8433.51950000,212,7242.62000000,4329.51149300,0
2019-09-29,0.60330000,0.61270000,0.56880000,0.58480000,14465.42000000,1569801599999,8479.11955400,230,6310.53000000,3692.42178700,0
2019-09-30,0.58650000,0.61800000,0.56900000,0.61470000,13681.98000000,1569887999999,8156.18481000,220,7152.84000000,4271.76199200,0
2019-10-01,0.61810000,0.63050000,0.59700000,0.60630000,14290.15000000,1569974399999,8727.28063600,199,5775.14000000,3537.89978500,0
2019-10-02,0.60850000,0.61990000,0.59900000,0.61690000,19257.30000000,1570060799999,11770.50789700,183,12836.69000000,7858.33255300,0
2019-10-03,0.61690000,0.61830000,0.59200000,0.60630000,8102.30000000,1570147199999,4910.03485400,122,3947.62000000,2391.52858000,0
2019-10-04,0.60420000,0.62040000,0.59470000,0.61400000,5154.54000000,1570233599999,3139.06143900,80,2471.07000000,1504.28481300,0
2019-10-05,0.61560000,0.62530000,0.61100000,0.62140000,11065.96000000,1570319999999,6838.22554500,150,6058.13000000,3746.07204100,0
2019-10-06,0.62530000,0.63060000,0.59450000,0.60590000,9122.31000000,1570406399999,5555.38364700,151,4347.46000000,2648.78473900,0
2019-10-07,0.60380000,0.64600000,0.59700000,0.64130000,13426.08000000,1570492799999,8410.69305300,185,6748.31000000,4225.49641100,0
2019-10-08,0.63900000,0.65310000,0.61900000,0.63750000,17206.84000000,1570579199999,10868.19161800,228,8134.81000000,5148.20069200,0
2019-10-09,0.64090000,0.67470000,0.62850000,0.65700000,13417.70000000,1570665599999,8764.35421200,227,6735.89000000,4404.94861100,0
2019-10-10,0.66130000,0.66130000,0.62120000,0.64830000,14313.75000000,1570751999999,9123.54607500,220,6217.63000000,3970.13383300,0
2019-10-11,0.64680000,0.66380000,0.62180000,0.64600000,24921.95000000,1570838399999,16003.85035200,345,12576.49000000,8082.85281100,0
2019-10-12,0.64380000,0.65640000,0.62660000,0.63360000,15450.59000000,1570924799999,9933.66016700,217,7607.39000000,4896.69176300,0
2019-10-13,0.63140000,0.65170000,0.62910000,0.63880000,12345.66000000,1571011199999,7883.08227900,183,6959.64000000,4448.03810000,0
2019-10-14,0.63480000,0.64940000,0.62700000,0.63870000,12248.13000000,1571097599999,7785.26497000,177,5747.51000000,3661.05294000,0
2019-10-15,0.64190000,0.64960000,0.62460000,0.63530000,9958.35000000,1571183999999,6361.00367000,151,4653.54000000,2974.16154100,0
2019-10-16,0.63680000,0.64410000,0.59080000,0.60520000,12360.58000000,1571270399999,7538.38244200,190,4430.39000000,2701.75798500,0
2019-10-17,0.60300000,0.60910000,0.57990000,0.60160000,12180.11000000,1571356799999,7292.80403800,103,5851.87000000,3507.68090000,0
2019-10-18,0.60070000,0.60680000,0.57470000,0.58390000,9881.78000000,1571443199999,5812.66987700,158,4659.79000000,2744.29682500,0
2019-10-19,0.58740000,0.58970000,0.57930000,0.58320000,6202.10000000,1571529599999,3632.43996500,95,3089.20000000,1811.55678900,0
2019-10-20,0.58110000,0.59030000,0.56970000,0.58560000,9443.31000000,1571615999999,5470.11952700,128,4180.64000000,2429.43716800,0
2019-10-21,0.58400000,0.59520000,0.57680000,0.59330000,7011.22000000,1571702399999,4115.60380800,93,3089.29000000,1817.37618000,0
2019-10-22,0.59490000,0.60270000,0.57850000,0.58210000,6348.47000000,1571788799999,3757.83837000,90,3144.59000000,1865.93935100,0
2019-10-23,0.57880000,0.58110000,0.52000000,0.54910000,47774.02000000,1571875199999,25903.94573900,478,16834.84000000,9109.59591600,0
2019-10-24,0.54750000,0.55410000,0.53460000,0.54730000,6034.55000000,1571961599999,3289.54712900,82,3077.81000000,1681.86181700,0
2019-10-25,0.54930000,0.62100000,0.54270000,0.61930000,26673.47000000,1572047999999,15876.23113800,294,15864.83000000,9458.37805200,0
2019-10-26,0.62130000,0.70030000,0.59700000,0.66360000,53798.34000000,1572134399999,34801.05927200,751,25129.15000000,16300.90429200,0
2019-10-27,0.66370000,1.15430000,0.66370000,0.98230000,139388.37000000,1572220799999,122018.80903400,2422,63043.66000000,54754.36594600,0
2019-10-28,0.98270000,1.15250000,0.84410000,0.87850000,161635.61000000,1572307199999,158171.51014100,3031,75263.83000000,73695.79861200,0
2019-10-29,0.87650000,0.92180000,0.81750000,0.85500000,63600.26000000,1572393599999,55279.81773600,1076,25793.39000000,22450.44723600,0
2019-10-30,0.85770000,0.92920000,0.82070000,0.88920000,102992.07000000,1572479999999,88459.20218000,1597,53749.65000000,46308.07328800,0
2019-10-31,0.88860000,0.89340000,0.81690000,0.85400000,43583.37000000,1572566399999,37152.04168900,867,19810.17000000,16865.38967600,0
2019-11-01,0.85370000,0.87870000,0.83010000,0.86880000,17050.88000000,1572652799999,14507.04520600,390,8301.40000000,7072.41397400,0
2019-11-02,0.87140000,0.93680000,0.85370000,0.92580000,36913.22000000,1572739199999,33522.60861900,745,18645.71000000,16953.67410700,0
2019-11-03,0.92910000,0.92920000,0.86980000,0.90340000,19469.41000000,1572825599999,17389.28658900,397,8721.48000000,7794.62964300,0
2019-11-04,0.89590000,0.92960000,0.88550000,0.90700000,19033.92000000,1572911999999,17301.21524500,393,8388.53000000,7640.57299000,0
2019-11-05,0.90700000,0.91130000,0.88430000,0.90340000,24665.89000000,1572998399999,22153.22330700,354,8081.91000000,7259.18001300,0
2019-11-06,0.89930000,0.91440000,0.88190000,0.89650000,11371.81000000,1573084799999,10223.06276000,227,5712.60000000,5138.18392800,0
2019-11-07,0.89220000,0.89320000,0.85410000,0.88960000,19293.73000000,1573171199999,16864.77682500,285,9349.46000000,8167.40010800,0
2019-11-08,0.89300000,0.89300000,0.81240000,0.82340000,37414.68000000,1573257599999,30958.86205300,547,15880.81000000,13129.17805800,0
2019-11-09,0.82070000,0.83450000,0.81420000,0.82430000,13487.12000000,1573343999999,11060.31808800,186,6223.97000000,5105.88813500,0
2019-11-10,0.82340000,0.86190000,0.82340000,0.85360000,8663.49000000,1573430399999,7290.36855000,157,5035.31000000,4239.76596900,0
2019-11-11,0.85060000,0.85480000,0.80330000,0.84400000,37238.53000000,1573516799999,30423.69175800,498,18791.14000000,15346.55844900,0
2019-11-12,0.84370000,1.01920000,0.83550000,0.91450000,33531.84000000,1573603199999,29908.54277600,511,21073.38000000,18896.94106900,0
2019-11-13,0.91370000,0.94460000,0.88540000,0.92970000,15654.38000000,1573689599999,14438.15615600,327,7629.43000000,7040.90466900,0
2019-11-14,0.93260000,0.93630000,0.85950000,0.88550000,15904.33000000,1573775999999,14139.87426300,302,7131.13000000,6333.54269600,0
2019-11-15,0.88890000,0.89220000,0.79560000,0.82970000,14726.98000000,1573862399999,12457.06179800,229,5827.68000000,4934.33236500,0
2019-11-16,0.82870000,0.84050000,0.81560000,0.83150000,3773.23000000,1573948799999,3122.65151700,68,1713.67000000,1419.10122200,0
2019-11-17,0.83430000,0.83770000,0.80500000,0.81890000,6743.33000000,1574035199999,5553.66785100,96,2988.38000000,2463.84029200,0
2019-11-18,0.81570000,0.81760000,0.72810000,0.75540000,11105.65000000,1574121599999,8575.80435200,179,4600.05000000,3541.17246500,0
2019-11-19,0.75540000,0.75540000,0.71080000,0.72590000,14979.62000000,1574207999999,10944.00885700,233,6514.41000000,4765.78756300,0
2019-11-20,0.72740000,0.75790000,0.69990000,0.71640000,15786.77000000,1574294399999,11503.86833600,217,7937.67000000,5803.96623800,0
2019-11-21,0.71430000,0.71980000,0.63560000,0.66710000,15370.27000000,1574380799999,10328.44309500,217,7395.83000000,4964.14663300,0
2019-11-22,0.66910000,0.67750000,0.55650000,0.60510000,45317.11000000,1574467199999,27767.41420900,569,21417.04000000,13082.83410300,0
2019-11-23,0.60510000,0.63560000,0.58140000,0.63030000,18673.15000000,1574553599999,11364.90293200,202,10394.38000000,6339.66755600,0
2019-11-24,0.63340000,0.63340000,0.55620000,0.56270000,22626.69000000,1574639999999,13274.96980300,233,7940.51000000,4710.76437300,0
2019-11-25,0.56380000,0.64540000,0.52830000,0.60250000,40054.93000000,1574726399999,23512.00015500,514,19290.75000000,11302.74334300,0
2019-11-26,0.60570000,0.63330000,0.59790000,0.62760000,12057.10000000,1574812799999,7410.61141600,153,5895.45000000,3631.99005500,0
2019-11-27,0.62540000,0.65840000,0.57980000,0.64030000,16426.12000000,1574899199999,10163.91148300,219,7599.56000000,4735.27761900,0
2019-11-28,0.64300000,0.66370000,0.63040000,0.63830000,9833.12000000,1574985599999,6339.40810200,120,4612.08000000,2983.00258100,0
2019-11-29,0.63520000,0.72610000,0.63250000,0.67780000,13209.48000000,1575071999999,8891.28187700,194,7765.88000000,5247.67085400,0
2019-11-30,0.68060000,0.68330000,0.63490000,0.63830000,8797.16000000,1575158399999,5753.99860800,121,3706.45000000,2428.86875200,0
2019-12-01,0.63530000,0.64870000,0.60330000,0.63490000,10703.91000000,1575244799999,6696.48047900,138,5116.14000000,3204.48062600,0
2019-12-02,0.63310000,0.63540000,0.60740000,0.61770000,5403.54000000,1575331199999,3345.92362700,81,2351.31000000,1457.62002200,0
2019-12-03,0.62100000,0.63070000,0.61250000,0.61780000,3747.44000000,1575417599999,2326.02047300,58,1769.25000000,1101.03792300,0
2019-12-04,0.61510000,0.63320000,0.58360000,0.59490000,13557.64000000,1575503999999,8197.63720700,190,6135.73000000,3709.87680800,0
2019-12-05,0.59600000,0.61550000,0.59140000,0.61310000,7027.33000000,1575590399999,4246.81162400,103,3824.55000000,2315.36896300,0
2019-12-06,0.61020000,0.61780000,0.60060000,0.61530000,5189.52000000,1575676799999,3159.97148800,63,2486.75000000,1520.95707900,0
2019-12-07,0.61800000,0.62840000,0.61550000,0.61980000,3179.22000000,1575763199999,1979.97392900,49,1770.98000000,1104.60848600,0
2019-12-08,0.61720000,0.64860000,0.60580000,0.64040000,6723.00000000,1575849599999,4259.26167800,68,3002.11000000,1881.13929200,0
2019-12-09,0.63780000,0.65320000,0.60560000,0.61330000,7677.67000000,1575935999999,4855.64582900,92,3087.02000000,1962.54548800,0
2019-12-10,0.61030000,0.61370000,0.57860000,0.58890000,6399.46000000,1576022399999,3782.17735900,68,2726.13000000,1610.31329200,0
2019-12-11,0.59190000,0.60390000,0.58260000,0.58950000,4328.33000000,1576108799999,2565.75385200,43,1558.11000000,925.50468300,0
2019-12-12,0.59180000,0.59390000,0.57900000,0.59120000,4153.04000000,1576195199999,2435.32745100,55,1707.02000000,1003.38897600,0
2019-12-13,0.59440000,0.62640000,0.59240000,0.61280000,5634.54000000,1576281599999,3452.58443200,60,3927.17000000,2406.58442000,0
2019-12-14,0.61000000,0.61050000,0.58180000,0.58630000,1935.69000000,1576367999999,1151.73127500,26,443.61000000,262.97075600,0
2019-12-15,0.58420000,0.60350000,0.57940000,0.59590000,3217.52000000,1576454399999,1899.78039200,41,1809.92000000,1070.96371500,0
2019-12-16,0.59370000,0.59430000,0.55620000,0.55880000,5937.79000000,1576540799999,3395.67628300,76,1981.67000000,1134.23252600,0
2019-12-17,0.56130000,0.56130000,0.50690000,0.52020000,10059.95000000,1576627199999,5353.21794900,113,4142.42000000,2212.90089100,0
2019-12-18,0.52300000,0.57030000,0.50470000,0.55450000,17790.49000000,1576713599999,9593.01166400,212,10547.92000000,5709.50790000,0
2019-12-19,0.55770000,0.56130000,0.53220000,0.53990000,6522.69000000,1576799999999,3540.97740600,78,3037.65000000,1654.59921000,0
2019-12-20,0.53620000,0.55780000,0.52990000,0.54890000,8342.78000000,1576886399999,4530.40305800,92,4070.79000000,2216.66346700,0
2019-12-21,0.54730000,0.55310000,0.53640000,0.53770000,7227.25000000,1576972799999,3920.33223500,81,2543.11000000,1381.41433300,0
2019-12-22,0.53950000,0.55490000,0.53410000,0.55490000,7026.09000000,1577059199999,3811.53621300,78,3913.25000000,2126.38087100,0
2019-12-23,0.55760000,0.56160000,0.51640000,0.51980000,45959.06000000,1577145599999,24268.09294600,501,23884.07000000,12605.61401800,0
2019-12-24,0.51980000,0.53580000,0.51680000,0.52130000,24998.77000000,1577231999999,13037.94097400,258,12499.91000000,6518.60732300,0
2019-12-25,0.51980000,0.52100000,0.50280000,0.51260000,100257.14000000,1577318399999,51432.66943000,983,46985.63000000,24089.27184200,0
2019-12-26,0.50930000,0.53160000,0.50310000,0.51600000,13748.75000000,1577404799999,7040.79611400,153,6830.11000000,3503.97753000,0
2019-12-27,0.51270000,0.52330000,0.50290000,0.51740000,14042.27000000,1577491199999,7160.69223800,90,3863.36000000,1981.41523200,0
2019-12-28,0.52120000,0.53570000,0.51890000,0.52960000,4453.21000000,1577577599999,2342.85222800,47,2446.32000000,1287.87882400,0
2019-12-29,0.52790000,0.55040000,0.52550000,0.54460000,7010.63000000,1577663999999,3776.02273600,74,4156.66000000,2240.18801200,0
2019-12-30,0.54240000,0.54240000,0.51990000,0.52530000,5103.90000000,1577750399999,2700.49485700,58,1775.49000000,939.87338600,0
2019-12-31,0.52370000,0.52710000,0.51520000,0.51680000,3886.61000000,1577836799999,2026.91497300,47,1726.61000000,903.53430800,0
2020-01-01,0.51680000,0.51680000,0.51680000,0.51680000,0.00000000,1577923199999,0.00000000,0,0.00000000,0.00000000,0
2020-01-02,0.51160000,0.51160000,0.49920000,0.50160000,7872.79000000,1578009599999,3978.42583600,38,0.00000000,0.00000000,0
2020-01-03,0.53700000,0.53700000,0.53700000,0.53700000,247.37000000,1578095999999,132.83769000,1,247.37000000,132.83769000,0
2020-01-04,0.52780000,0.52780000,0.52490000,0.52500000,736.99000000,1578182399999,387.73195500,3,435.35000000,228.52636300,0
2020-01-05,0.55270000,0.55870000,0.55270000,0.55870000,2078.54000000,1578268799999,1154.08607200,5,1774.26000000,984.08483600,0
2020-01-06,0.56680000,0.57670000,0.56680000,0.57670000,311.48000000,1578355199999,178.65405800,3,282.46000000,161.91822400,0
2020-01-07,0.57860000,0.61060000,0.55910000,0.56790000,24951.56000000,1578441599999,14206.23578600,79,17027.93000000,9710.86423400,0
2020-01-08,0.56910000,0.58600000,0.55000000,0.55000000,17801.73000000,1578527999999,10251.76240200,60,16139.84000000,9300.14860500,0
2020-01-09,0.54600000,0.54600000,0.52900000,0.52900000,752.55000000,1578614399999,404.76868000,7,0.00000000,0.00000000,0
2020-01-10,0.54330000,0.56370000,0.54330000,0.56370000,2125.94000000,1578700799999,1180.86501700,13,1843.74000000,1024.08080800,0
2020-01-11,0.57130000,0.60990000,0.56150000,0.60200000,47190.72000000,1578787199999,27709.13662200,60,28728.87000000,17256.10644200,0
2020-01-12,0.60970000,0.62000000,0.60970000,0.62000000,38446.58000000,1578873599999,23835.30683900,82,153.52000000,93.60963900,0
2020-01-13,0.58510000,0.62700000,0.58510000,0.59470000,857.25000000,1578959999999,508.29624000,8,311.62000000,187.04541400,0
2020-01-14,0.60100000,0.68040000,0.60100000,0.67560000,6358.28000000,1579046399999,4172.40266100,114,3506.00000000,2306.05272600,0
2020-01-15,0.67070000,0.74390000,0.66380000,0.70000000,64883.33000000,1579132799999,44520.84039100,345,51900.55000000,35477.78455100,0
2020-01-16,0.70450000,0.71630000,0.64820000,0.71630000,7786.62000000,1579219199999,5213.71168500,87,4002.06000000,2665.61775400,0
2020-01-17,0.70800000,0.72620000,0.67760000,0.71400000,7225.13000000,1579305599999,5106.82010500,94,1918.38000000,1358.37092800,0
2020-01-18,0.70800000,0.73230000,0.67960000,0.68580000,33843.11000000,1579391999999,23660.02113200,159,20816.90000000,14610.85408500,0
2020-01-19,0.68460000,0.71560000,0.63750000,0.65360000,17365.67000000,1579478399999,11789.28362500,124,8575.33000000,5860.70188700,0
2020-01-20,0.64740000,0.66600000,0.62760000,0.65750000,14977.32000000,1579564799999,9699.45083900,73,3632.50000000,2381.96654700,0
2020-01-21,0.65920000,0.66120000,0.64120000,0.65980000,11149.20000000,1579651199999,7307.85031800,56,9754.42000000,6395.78959100,0
2020-01-22,0.66090000,0.67840000,0.63330000,0.66600000,10395.98000000,1579737599999,6906.90475300,59,1602.99000000,1071.20982400,0
2020-01-23,0.65980000,0.65980000,0.61910000,0.63500000,3770.06000000,1579823999999,2386.09706800,42,1620.65000000,1024.32505100,0
2020-01-24,0.63210000,0.63590000,0.61020000,0.62570000,3154.46000000,1579910399999,1973.40406100,57,1154.41000000,721.26337800,0
2020-01-25,0.62260000,0.63500000,0.61160000,0.63500000,2212.88000000,1579996799999,1382.29803800,30,1437.10000000,902.35047400,0
2020-01-26,0.63490000,0.65360000,0.62880000,0.64660000,1117.13000000,1580083199999,718.95657200,18,677.58000000,436.49864600,0
2020-01-27,0.65360000,0.68460000,0.64120000,0.68460000,3156.64000000,1580169599999,2095.58907400,45,1931.66000000,1285.27872100,0
2020-01-28,0.68770000,0.70160000,0.67450000,0.70160000,4251.86000000,1580255999999,2923.52772700,43,1458.03000000,1008.07706100,0
2020-01-29,0.70320000,0.74660000,0.69700000,0.73420000,5461.23000000,1580342399999,3906.62998500,44,4656.85000000,3326.78432900,0
2020-01-30,0.72800000,0.74010000,0.70940000,0.74010000,7297.33000000,1580428799999,5292.40547600,61,5519.31000000,4011.75481900,0
2020-01-31,0.74040000,0.77760000,0.72160000,0.77140000,9338.70000000,1580515199999,6933.37475300,92,5686.67000000,4249.55370200,0
2020-02-01,0.76520000,0.77490000,0.74660000,0.76520000,2339.56000000,1580601599999,1778.75324000,34,1380.78000000,1053.77469400,0
2020-02-02,0.75900000,0.80860000,0.74660000,0.78380000,5634.55000000,1580687999999,4424.32085800,63,3502.12000000,2751.76109700,0
2020-02-03,0.77760000,0.80240000,0.76520000,0.77770000,4013.55000000,1580774399999,3147.55566100,46,2026.36000000,1592.94379400,0
2020-02-04,0.78350000,0.82100000,0.75280000,0.82100000,3867.09000000,1580860799999,3021.76042800,40,2194.33000000,1733.12184000,0
2020-02-05,0.81480000,0.84580000,0.80860000,0.84580000,8184.07000000,1580947199999,6745.14027400,67,4654.31000000,3863.78795300,0
2020-02-06,0.83960000,0.87060000,0.82730000,0.85820000,7155.59000000,1581033599999,6095.55768900,78,3715.80000000,3187.76686500,0
2020-02-07,0.86440000,0.90000000,0.85200000,0.86440000,7242.80000000,1581119999999,6287.60033100,82,4692.29000000,4081.15676700,0
2020-02-08,0.85820000,0.85820000,0.80880000,0.84580000,4474.29000000,1581206399999,3744.97031900,46,2147.70000000,1794.61837300,0
2020-02-09,0.85180000,0.92640000,0.85180000,0.91400000,10275.71000000,1581292799999,9153.18884500,100,5789.83000000,5143.93818800,0
2020-02-10,0.92020000,0.96290000,0.87060000,0.96000000,9933.72000000,1581379199999,9058.51552700,119,5668.84000000,5192.57381400,0
2020-02-11,0.93550000,0.99060000,0.90810000,0.98140000,1499.34000000,1581465599999,1426.31920600,20,776.46000000,740.54047100,0
2020-02-12,0.99900000,1.05540000,0.99270000,1.05540000,1273.53000000,1581551999999,1290.95461200,14,1249.18000000,1266.78236700,0
2020-02-13,1.06380000,1.16270000,0.97980000,1.01880000,3522.80000000,1581638399999,3840.01564100,26,2951.89000000,3268.62777100,0
2020-02-14,1.01880000,1.06310000,1.01880000,1.06310000,684.16000000,1581724799999,715.28108100,9,653.35000000,683.41917200,0
2020-02-15,1.07960000,1.07960000,0.89690000,0.97640000,7307.61000000,1581811199999,6846.37366400,41,1483.95000000,1451.98521500,0
2020-02-16,0.92350000,1.02810000,0.84880000,0.89000000,4351.20000000,1581897599999,4033.21377400,37,1370.03000000,1315.03251300,0
2020-02-17,0.86630000,0.93890000,0.81300000,0.85910000,9537.22000000,1581983999999,8271.31157900,83,4697.19000000,4194.26058700,0
2020-02-18,0.87510000,0.92600000,0.84160000,0.92600000,1815.18000000,1582070399999,1624.79120800,18,863.85000000,780.66829300,0
2020-02-19,0.91780000,0.93640000,0.84510000,0.84510000,6203.60000000,1582156799999,5684.53876500,40,5823.88000000,5349.20129700,0
2020-02-20,0.84450000,0.84510000,0.84450000,0.84510000,196.01000000,1582185599999,165.59044500,2,196.01000000,165.59044500,0
